journal,indexation,publication,doi,titre,chercheurs,laboratoires,abstract,keywords
"TEI '24: Proceedings of the Eighteenth International Conference on Tangible, Embedded, and Embodied Interaction",ACM,,https://doi.org/10.1145/3623509.3633370,Embodied Machine Learning,,,"Machine learning becomes more prevalent in specialized domains such as medicine and biology every year, but domain expert trust in machine learning continues to lag behind. Researchers have explored increasing rational trust in AI but little research ...",
ICMLT '24: Proceedings of the 2024 9th International Conference on Machine Learning Technologies,ACM,,https://doi.org/10.1145/3674029.3674033,Diabetes Prediction Using Machine Learning,,,"Machine learning (ML) techniques for healthcare informatics provide health professional insight into disease development. Many healthcare topics are suitable for ML research, such as diabetes prediction and classification. Common ML approaches use a ...",
ICDCN '24: Proceedings of the 25th International Conference on Distributed Computing and Networking,ACM,,https://doi.org/10.1145/3631461.3632516,Distributed Machine Learning,,,"We explore the landscape of distributed machine learning, focusing on advancements, challenges, and potential future directions in this rapidly evolving field. We delve into the motivation for distributed machine learning, its essential techniques, real-...",
ACM REP '24: Proceedings of the 2nd ACM Conference on Reproducibility and Replicability,ACM,,https://doi.org/10.1145/3641525.3663630,The Idealized Machine Learning Pipeline (IMLP) for Advancing Reproducibility in Machine Learning,,,"We investigate the influence of Human Factors on reproducible machine learning, using a novel “Idealized Machine Learning Pipeline” we introduce as a conceptual framework. The study of Human Factors seeks to ensure that systems meet the needs and ...",
MLCAD '24: Proceedings of the 2024 ACM/IEEE International Symposium on Machine Learning for CAD,ACM,,https://doi.org/10.1145/3670474.3685973,Machine Learning for High Sigma Analog Designs (Invited),,,"Monte Carlo simulations have been the gold standard for assessing parametric yields of analog, mixed signal, and RF circuits as they offer one of the most direct representations of the variation induced by semiconductor manufacturing. However, Monte ...",
"ACM Transactions on Asian and Low-Resource Language Information Processing (TALLIP), Just Accepted",ACM,,https://doi.org/10.1145/3701031,Overview of Multimodal Machine Learning,,,"Human nature is fundamentally driven by the need for interaction and attention, which are fulfilled through various sensory modalities, including hearing, sight, touch, taste, and smell. These senses enable us to perceive, understand, and engage with the ...",
KDD '24: Proceedings of the 30th ACM SIGKDD Conference on Knowledge Discovery and Data Mining,ACM,,https://doi.org/10.1145/3637528.3671488,Machine Learning in Finance,,,"This workshop aims to explore the intersection of Generative AI with the rich tapestry of financial data types, seeking to uncover new methodologies and techniques that can enhance predictive analytics, fraud detection, and customer insights across the ...",
"ACM Computing Surveys (CSUR), Volume 56, Issue 7",ACM,,https://doi.org/10.1145/3616537,Byzantine Machine Learning: A Primer,,,"The problem of Byzantine resilience in distributed machine learning, a.k.a. Byzantine machine learning, consists of designing distributed algorithms that can train an accurate model despite the presence of Byzantine nodes—that is, nodes with corrupt data ...",
CIKM '24: Proceedings of the 33rd ACM International Conference on Information and Knowledge Management,ACM,,https://doi.org/10.1145/3627673.3679095,Data Quality-aware Graph Machine Learning,,,"Recent years have seen a significant shift in Artificial Intelligence from model-centric to data-centric approaches, highlighted by the success of large foundational models. Following this trend, despite numerous innovations in graph machine learning ...",
"Communications of the ACM (CACM), Volume 67, Issue 11",ACM,,https://doi.org/10.1145/3643456,Pitfalls in Machine Learning for Computer Security,,,"With the growing processing power of computing systems and the increasing availability of massive datasets, machine learning algorithms have led to major breakthroughs in many different areas. This development has influenced computer security, spawning a ...",
ICMLT '24: Proceedings of the 2024 9th International Conference on Machine Learning Technologies,ACM,,https://doi.org/10.1145/3674029.3674050,Machine Learning Tool for Wildlife Image Classification,,,"Wildlife researchers gather a large amount of image data during fieldwork. Reviewing this data is time-consuming and requires specialized expertise. To address this issue, machine learning models can automatically classify animals in these images. This ...",
SIGGRAPH Courses '24: ACM SIGGRAPH 2024 Courses,ACM,,https://doi.org/10.1145/3664475.3664574,Machine Learning & Neural Networks,,,,
"ACM Computing Surveys (CSUR), Volume 56, Issue 11",ACM,,https://doi.org/10.1145/3664595,Creativity and Machine Learning: A Survey,,,"There is a growing interest in the area of machine learning and creativity. This survey presents an overview of the history and the state of the art of computational creativity theories, key machine learning techniques (including generative deep learning),...",
KDD '24: Proceedings of the 30th ACM SIGKDD Conference on Knowledge Discovery and Data Mining,ACM,,https://doi.org/10.1145/3637528.3671442,Practical Machine Learning for Streaming Data,,,"Machine Learning for Data Streams has been an important area of research since the late 1990s, and its use in industry has grown significantly over the last few years. However, there is still a gap between the cutting-edge research and the tools that are ...",
MLCAD '24: Proceedings of the 2024 ACM/IEEE International Symposium on Machine Learning for CAD,ACM,,https://doi.org/10.1145/3670474.3685972,When Device Modeling Meets Machine Learning: Opportunities and Challenges (Invited),,,"Device modeling is essential for circuit simulations and designs in terms of constructing the circuit matrix equations of KCL and KVL. While there are classical methodologies, machine learning techniques are promising to bring innovations in the ...",
"The Journal of Machine Learning Research (JMLR), Volume 24, Issue 1",ACM,,,Dimensionless machine learning: imposing exact units equivariance,,,"Units equivariance (or units covariance) is the exact symmetry that follows from the requirement that relationships among measured quantities of physics relevance must obey self-consistent dimensional scalings. Here, we express this symmetry in terms of ...",
NSAD '24: Proceedings of the 10th ACM SIGPLAN International Workshop on Numerical and Symbolic Abstract Domains,ACM,,https://doi.org/10.1145/3689609.3699919,Abstract Domains for Machine Learning Verification (Keynote),,,"Machine learning (ML) software is increasingly being deployed in high-stakes and sensitive applications, raising important challenges related to safety, privacy, and fairness. In response, ML verification has quickly gained traction within the formal ...",
ICMLT '24: Proceedings of the 2024 9th International Conference on Machine Learning Technologies,ACM,,https://doi.org/10.1145/3674029.3674031,Prediction of Mobile Phone Prices using Machine Learning,,,"This research investigates upon the prediction of mobile phone prices based on various factors through the applications of multiple machine learning algorithms. Leveraging linear regression, decision tree regressor, random forest regressor, gradient ...",
CIKM '24: Proceedings of the 33rd ACM International Conference on Information and Knowledge Management,ACM,,https://doi.org/10.1145/3627673.3679103,Hands-On Introduction to Quantum Machine Learning,,,"This tutorial offers a hands-on introduction into the captivating field of quantum machine learning (QML). Beginning with the bedrock of quantum information science (QIS)-including essential elements like qubits, single and multiple qubit gates, ...",
ICMLT '24: Proceedings of the 2024 9th International Conference on Machine Learning Technologies,ACM,,https://doi.org/10.1145/3674029.3674049,Rating Prediction of Football Players using Machine Learning,,,This research Analysis the prediction of football player ratings through the application of diverse machine learning algorithms. Rating systems for sports teams have gathered considerable attention in academic research. The approach used by the authors ...,
MLCAD '24: Proceedings of the 2024 ACM/IEEE International Symposium on Machine Learning for CAD,ACM,,https://doi.org/10.1145/3670474.3685970,Machine Learning VLSI CAD Experiments Should Consider Atomic Data Groups,,,"Machine learning (ML) has proved useful across a wide range of applications in the very-large-scale integration computer-aided design (VLSI CAD) domain. To avoid overestimating ML models' generalization capabilities for real-world deployments, best ...",
ICMLSC '24: Proceedings of the 2024 8th International Conference on Machine Learning and Soft Computing,ACM,,https://doi.org/10.1145/3647750.3647755,Machine Learning-based Models for Predicting Defective Packages,,,"Software defects are often expensive to fix, especially when they are identified late in development. Packages encapsulate logical functionality and are often developed by particular teams. Package-level defect prediction provides insights into ...",
"ACM Journal on Computing and Sustainable Societies (ACMJCSS), Volume 2, Issue 3",ACM,,https://doi.org/10.1145/3676188,Using Machine Learning to Catch Bogus Firms,,,"We investigate the use of a machine learning (ML) algorithm to identify fraudulent non-existent firms that are used for tax evasion. Using a rich dataset of tax returns in an Indian state over several years, we train an ML-based model to predict ...",
"Digital Threats: Research and Practice (DTRAP), Volume 5, Issue 1",ACM,,https://doi.org/10.1145/3652029,Applied Machine Learning for Information Security,,,"Information security has undoubtedly become a critical aspect of modern cybersecurity practices. Over the past half-decade, numerous academic and industry groups have sought to develop machine learning, deep learning, and other areas of artificial ...",
ICMLT '24: Proceedings of the 2024 9th International Conference on Machine Learning Technologies,ACM,,https://doi.org/10.1145/3674029.3674032,An Analysis of Car Price Prediction using Machine Learning,,,"This research paper explores machine learning techniques, such as voting regressors, gradient boosting regressors, random forest regressors, decision tree regressors, and support vector regressors, for car predicting the car price. Each machine learning ...",
"MLPRAE '24: Proceedings of the International Conference on Machine Learning, Pattern Recognition and Automation Engineering",ACM,,https://doi.org/10.1145/3696687.3696700,Precise Issuance of Meituan Merchants’ Coupons with Machine Learning,,,"With the popularity of mobile Internet, the “Online-to-Offline” (O2O) business model has become popular. Issuing coupons to attract new customer registrations and keep old customers active is an important marketing tool for O2O companies. But the random ...",
"Communications of the ACM (CACM), Volume 66, Issue 11",ACM,,https://doi.org/10.1145/3586991,Machine Learning Sensors,,,A design paradigm for the future of intelligent sensors.,
"ACM Computing Surveys (CSUR), Volume 56, Issue 7",ACM,,https://doi.org/10.1145/3616865,Fairness in Machine Learning: A Survey,,,"When Machine Learning technologies are used in contexts that affect citizens, companies as well as researchers need to be confident that there will not be any unexpected social implications, such as bias towards gender, ethnicity, and/or people with ...",
ICMLT '24: Proceedings of the 2024 9th International Conference on Machine Learning Technologies,ACM,,https://doi.org/10.1145/3674029.3674030,Machine Learning Application for Real-Time Simulator,,,This paper presents a groundbreaking research initiative that focuses on the development of an intelligent architecture for Adaptive Virtual Reality Systems (AVRS) in immersive virtual environments. The primary objective of this architecture is to ...,
IDE '24: Proceedings of the 1st ACM/IEEE Workshop on Integrated Development Environments,ACM,,https://doi.org/10.1145/3643796.3648455,JetTrain: IDE-Native Machine Learning Experiments,,,"Integrated development environments (IDEs) are prevalent code-writing and debugging tools. However, they have yet to be widely adopted for launching machine learning (ML) experiments. This work aims to fill this gap by introducing JetTrain, an IDE-...",
"NISS '24: Proceedings of the 7th International Conference on Networking, Intelligent Systems and Security",ACM,,https://doi.org/10.1145/3659677.3659701,Crop Recommendation using Machine Learning Algorithms,,,"Agricultural productivity is an essential factor in ensuring food security and meeting the growing demands of the world’s population. However, farmers face many challenges such as limited access to information, which can significantly impact their crop ...",
"FAccT '24: Proceedings of the 2024 ACM Conference on Fairness, Accountability, and Transparency",ACM,,https://doi.org/10.1145/3630106.3658914,Insights From Insurance for Fair Machine Learning,,,"We argue that insurance can act as an analogon for the social situatedness of machine learning systems, hence allowing machine learning scholars to take insights from the rich and interdisciplinary insurance literature. Tracing the interaction of ...",
MLCAD '24: Proceedings of the 2024 ACM/IEEE International Symposium on Machine Learning for CAD,ACM,,https://doi.org/10.1145/3670474.3685969,Enabling Risk Management of Machine Learning Predictions for FPGA Routability,,,Machine Learning (ML) models sometimes make inaccurate predictions for the routability of field-programmable gate array (FPGA) circuit designs. This risks time wasted attempting to route an unroutable design or the premature termination of a routable ...,
IC3 '24: Proceedings of the 2024 Sixteenth International Conference on Contemporary Computing,ACM,,https://doi.org/10.1145/3675888.3676049,Android Malware Detection System using Machine Learning,,,"Detecting Android malware is imperative for safeguarding user privacy, securing data, and preserving device performance. Consequently, numerous studies have underscored the complexities associated with Android malware detection, prompting a ...",
HILDA 24: Proceedings of the 2024 Workshop on Human-In-the-Loop Data Analytics,ACM,,https://doi.org/10.1145/3665939.3665960,Transparent Data Preprocessing for Machine Learning,,,"Data preprocessing is an important task in machine learning which can significantly improve model outcomes. However, evaluating the impact of data preprocessing is often difficult. There is a need for tools which make it transparent to the user on how ...",
SVR '24: Proceedings of the 26th Symposium on Virtual and Augmented Reality,ACM,,https://doi.org/10.1145/3691573.3691592,Machine Learning Applied to Locomotion in Virtual Reality,,,"The objective of this research project is to recognize a user’s walking pattern on a treadmill-like platform for navigation in Virtual Reality (VR) environments. To achieve this, a walking recognition software solution was developed using Convolutional ...",
SIGMETRICS/PERFORMANCE '24: Abstracts of the 2024 ACM SIGMETRICS/IFIP PERFORMANCE Joint International Conference on Measurement and Modeling of Computer Systems,ACM,,https://doi.org/10.1145/3652963.3655064,Machine Learning Systems are Bloated and Vulnerable,,,"Today's software is bloated with both code and features that are not used by most users. This bloat is prevalent across the entire software stack, from operating systems and applications to containers. Containers are lightweight virtualization ...",
"Journal of Artificial Intelligence Research (JAIR), Volume 81",ACM,,https://doi.org/10.1613/jair.1.15665,The Human in Interactive Machine Learning: Analysis and Perspectives for Ambient Intelligence,,,"As the vision of Ambient Intelligence (AmI) becomes more feasible, the challenge of designing effective and usable human-machine interaction in this context becomes increasingly important. Interactive Machine Learning (IML) offers a set of techniques and ...",
"ACM SIGCAS Computers and Society (SIGCAS), Volume 52, Issue 2",ACM,,https://doi.org/10.1145/3656021.3656029,Fair Machine Learning Post Affirmative Action,,,"The U.S. Supreme Court, in a 6-3 decision on June 29, effectively ended the use of race in college admissions [1]. Indeed, national polls found that a plurality of Americans - 42%, according to a poll conducted by the University of Massachusetts [2] - ...",
"FAccT '24: Proceedings of the 2024 ACM Conference on Fairness, Accountability, and Transparency",ACM,,https://doi.org/10.1145/3630106.3658983,Achieving Reproducibility in EEG-Based Machine Learning,,,"Despite the inherent complexity of electroencephalogram (EEG) data characterized by its high dimensionality, artifactual noise, and biological variability, many machine learning (ML) studies claim impressive performance in decoding or classifying EEG ...",
KDD '24: Proceedings of the 30th ACM SIGKDD Conference on Knowledge Discovery and Data Mining,ACM,,https://doi.org/10.1145/3637528.3671478,The Third Workshop on Applied Machine Learning Management,,,"Machine learning applications are rapidly adopted by industry leaders in any field. The growth of investment in AI-driven solutions,including the emerging field of General AI (GenAI), has created new challenges in managing Data Science and ML resources, ...",
CF '23: Proceedings of the 20th ACM International Conference on Computing Frontiers,ACM,,https://doi.org/10.1145/3587135.3592769,Machine Learning Application Benchmark,,,"This paper presents the MLAB project, a research and development activity funded by ESA General Support Technology Programme under the lead of Airbus Defence and Space GmbH, with the goal of developing a machine learning application benchmark for space ...",
"FAccT '24: Proceedings of the 2024 ACM Conference on Fairness, Accountability, and Transparency",ACM,,https://doi.org/10.1145/3630106.3658983,Achieving Reproducibility in EEG-Based Machine Learning,,,"Despite the inherent complexity of electroencephalogram (EEG) data characterized by its high dimensionality, artifactual noise, and biological variability, many machine learning (ML) studies claim impressive performance in decoding or classifying EEG ...",
SA '23: SIGGRAPH Asia 2023 Courses,ACM,,https://doi.org/10.1145/3610538.3614646,Machine Learning & Neural Networks,,,Use and development of computer systems that are able to learn and adapt without following explicit instructions by using algorithms and statistical models to analyze and draw inferences from patterns in data.,
PEARC '24: Practice and Experience in Advanced Research Computing 2024: Human Powered Computing,ACM,,https://doi.org/10.1145/3626203.3670522,Adversarial Robustness and Explainability of Machine Learning Models,,,"The rapid advancement of machine learning has brought forth sophisticated neural network models harnessing computational prowess and vast datasets for diverse applications. Nonetheless, with the proliferation of these complex models, apprehensions have ...",
"ACM SIGCOMM Computer Communication Review (SIGCOMM-CCR), Volume 54, Issue 1",ACM,,https://doi.org/10.1145/3687230.3687232,Planter: Rapid Prototyping of In-Network Machine Learning Inference,,,"In-network machine learning inference provides high throughput and low latency. It is ideally located within the network, power efficient, and improves applications' performance. Despite its advantages, the bar to in-network machine learning research is ...",
MLCAD '24: Proceedings of the 2024 ACM/IEEE International Symposium on Machine Learning for CAD,ACM,,https://doi.org/10.1145/3670474.3685943,Enhancing the Capabilities of Quantum Transport Simulations Utilizing Machine Learning Strategies,,,"The ongoing pursuit of exploring novel materials for potential future device applications continues to strengthen the vital role of Technology Computer-Aided Design (TCAD) simulations within the device community. However, its computationally intensive ...",
KDD '24: Proceedings of the 30th ACM SIGKDD Conference on Knowledge Discovery and Data Mining,ACM,,https://doi.org/10.1145/3637528.3672068,EcoVal: An Efficient Data Valuation Framework for Machine Learning,,,Quantifying the value of data within a machine learning workflow can play a pivotal role in making more strategic decisions in machine learning initiatives. The existing Shapley value based frameworks for data valuation in machine learning are ...,
"ACM Transactions on Software Engineering and Methodology (TOSEM), Just Accepted",ACM,,https://doi.org/10.1145/3688841,An Exploratory Study on Machine Learning Model Management,,,"Effective model management is crucial for ensuring performance and reliability in Machine Learning (ML) systems, given the dynamic nature of data and operational environments. However, standard practices are lacking, often resulting in ad hoc approaches. ...",
ICMLCA '23: Proceedings of the 2023 4th International Conference on Machine Learning and Computer Application,ACM,,https://doi.org/10.1145/3650215.3650355,IO Behaviour Analysis Based on Machine Learning,,,"This article uses machine learning algorithms to predict the latency of an IO request without additional internal information on the device, treating it as a black box to model equipment performance prediction. Different from algorithms such as CART in ...",
EICC '24: Proceedings of the 2024 European Interdisciplinary Cybersecurity Conference,ACM,,https://doi.org/10.1145/3655693.3661296,Towards Access Control for Machine Learning Embeddings,,,"In this work, we explore the potential to make embeddings, which are becoming an integral part of machine-learning pipelines, shareable with the general public while providing self-contained access control. To this end, we apply attribute-based ...",
"FAccT '23: Proceedings of the 2023 ACM Conference on Fairness, Accountability, and Transparency",ACM,,https://doi.org/10.1145/3593013.3594000,‘Affordances’ for Machine Learning,,,"The field of machine learning (ML) has long struggled with a principles-to-practice gap, whereby careful codes and commitments dissipate on their way to practical application. The present work bridges this gap through an applied affordance framework. ‘...",
GECCO '24 Companion: Proceedings of the Genetic and Evolutionary Computation Conference Companion,ACM,,https://doi.org/10.1145/3638530.3654405,Benchmark Problems for Machine Learning in Control Synthesis,,,"Symbolic regression methods are becoming increasingly popular and they are a worthy competitor to neural networks in many tasks. However, symbolic regression methods have the greatest promise in those problems where there is no training sample and it is ...",
EuroMLSys '23: Proceedings of the 3rd Workshop on Machine Learning and Systems,ACM,,https://doi.org/10.1145/3578356.3592581,Actionable Data Insights for Machine Learning,,,Artificial Intelligence (AI) and Machine Learning (ML) have made tremendous progress in the recent decade and have become ubiquitous in almost all application domains. Many recent advancements in the ease-of-use of ML frameworks and the low-code model ...,
SIGMOD '23: Companion of the 2023 International Conference on Management of Data,ACM,,https://doi.org/10.1145/3555041.3589337,Mixed Methods Machine Learning,,,"Machine learning is ubiquitous: many of our everyday interactions, both online and offline, are backed by machine learning. Typically, machine learned systems start as an idea from the business or engineering team for a service or an app that helps the ...",
SIGMOD/PODS '24: Companion of the 2024 International Conference on Management of Data,ACM,,https://doi.org/10.1145/3626246.3653389,The Hopsworks Feature Store for Machine Learning,,,"Data management is the most challenging aspect of building Machine Learning (ML) systems. ML systems can read large volumes of historical data when training models, but inference workloads are more varied, depending on whether it is a batch or online ML ...",
IWOCL '24: Proceedings of the 12th International Workshop on OpenCL and SYCL,ACM,,https://doi.org/10.1145/3648115.3648123,Accelerating Machine Learning Inference on GPUs with SYCL,,,"Recently, machine learning has established itself as a valuable tool for researchers to analyze their data and draw conclusions in various scientific fields, such as High Energy Physics (HEP). Commonly used machine learning libraries, such as Keras and ...",
DIS '24: Proceedings of the 2024 ACM Designing Interactive Systems Conference,ACM,,https://doi.org/10.1145/3643834.3660688,A Steampunk Critique of Machine Learning Acceleration,,,"The application of Machine Learning is driven by the techno–capitalist struggle for productivity across various domains, including the creative industry. Sociological research has demonstrated how technology–induced temporality introduces challenges at ...",
CCEAI '24: Proceedings of the 2024 8th International Conference on Control Engineering and Artificial Intelligence,ACM,,https://doi.org/10.1145/3640824.3640839,Artificial Aesthetics: Bridging Neuroaesthetics and Machine Learning,,,"This paper presents an innovative exploration of neuroscience, aesthetics, and artificial intelligence. This paper discusses the potential of machine learning in enhancing our understanding of the neural underpinnings of aesthetic experiences and ...",
IC3 '24: Proceedings of the 2024 Sixteenth International Conference on Contemporary Computing,ACM,,https://doi.org/10.1145/3675888.3676055,Interpretable Machine Learning Techniques for Students Grade Prediction,,,Predicting student grades within an academic cycle is a remarkable opportunity to improve academic results. Robust prediction methods such as use of machine learning allow educational leaders to allocate enough resources and personalized instructions ...,
IC3 '24: Proceedings of the 2024 Sixteenth International Conference on Contemporary Computing,ACM,,https://doi.org/10.1145/3675888.3676055,Interpretable Machine Learning Techniques for Students Grade Prediction,,,Predicting student grades within an academic cycle is a remarkable opportunity to improve academic results. Robust prediction methods such as use of machine learning allow educational leaders to allocate enough resources and personalized instructions ...,
MIDA '24: Proceedings of the 2024 International Conference on Machine Intelligence and Digital Applications,ACM,,https://doi.org/10.1145/3662739.3662743,Machine learning-based seismic prediction of building structures,,,"The impact of earthquakes on building structures is the most direct and significant aspect of earthquake disasters, and the seismic resistance of building structures is a key factor in ensuring human safety and reducing economic losses. Ground shaking ...",
IWSPA '24: Proceedings of the 10th ACM International Workshop on Security and Privacy Analytics,ACM,,https://doi.org/10.1145/3643651.3659891,Machine Learning Training on Encrypted Data with TFHE,,,We present an approach for outsourcing the training of machine learning (ML) models while preserving data confidentiality from malicious parties. We use fully homomorphic encryption (FHE) to build a unified training framework that works on encrypted data ...,
"ACM Computing Surveys (CSUR), Volume 56, Issue 6",ACM,,https://doi.org/10.1145/3640313,Machine Learning for Refining Knowledge Graphs: A Survey,,,"Knowledge graph (KG) refinement refers to the process of filling in missing information, removing redundancies, and resolving inconsistencies in KGs. With the growing popularity of KG in various domains, many techniques involving machine learning have ...",
"AIES '23: Proceedings of the 2023 AAAI/ACM Conference on AI, Ethics, and Society",ACM,,https://doi.org/10.1145/3600211.3604689,Machine Learning practices and infrastructures,,,"Machine Learning (ML) systems, particularly when deployed in high-stakes domains, are deeply consequential. They can exacerbate existing inequities, create new modes of discrimination, and reify outdated social constructs. Accordingly, the social ...",
DEEM '24: Proceedings of the Eighth Workshop on Data Management for End-to-End Machine Learning,ACM,,https://doi.org/10.1145/3650203.3663329,AIDB: a Sparsely Materialized Database for Queries using Machine Learning,,,"Analysts and scientists are interested in automatically analyzing the semantic contents of unstructured, non-tabular data (videos, images, text, and audio). These analysts have turned to unstructured data systems leveraging machine learning (ML). The ...",
ICBDC '24: Proceedings of the 2024 9th International Conference on Big Data and Computing,ACM,,https://doi.org/10.1145/3695220.3695229,Tourist Destination Recommendation System based on Machine Learning,,,"Thailand has a wide variety of tourist attractions, making it difficult for tourist to choose where to go on vacation. The tourist destination recommendation system is a challenge for creating a system to help recommend tourist destinations that are ...",
ICCAD '22: Proceedings of the 41st IEEE/ACM International Conference on Computer-Aided Design,ACM,,https://doi.org/10.1145/3508352.3561121,Machine Learning for Testing Machine-Learning Hardware: A Virtuous Cycle,,,The ubiquitous application of deep neural networks (DNN) has led to a rise in demand for AI accelerators. DNN-specific functional criticality analysis identifies faults that cause measurable and significant deviations from acceptable requirements such ...,
"UMAP Adjunct '24: Adjunct Proceedings of the 32nd ACM Conference on User Modeling, Adaptation and Personalization",ACM,,https://doi.org/10.1145/3631700.3664913,Towards Exploring Personalized Hyperlink Recommendations Through Machine Learning,,,"The Internet offers a wealth of content, making it increasingly difficult for users to navigate website information. The volume of hyperlinks on a website often leaves users struggling with content overload, hindering their ability to find relevant ...",
"BuildSys '23: Proceedings of the 10th ACM International Conference on Systems for Energy-Efficient Buildings, Cities, and Transportation",ACM,,https://doi.org/10.1145/3600100.3626271,Thermal Preference Prediction with Machine Learning,,,"This study aimed to develop a personal comfort model (PCM) using machine learning techniques on an open-access longitudinal dataset. Most prior studies on PCMs were based on controlled climate chamber data, which limits their generalisability to real-...",
KDD '24: Proceedings of the 30th ACM SIGKDD Conference on Knowledge Discovery and Data Mining,ACM,,https://doi.org/10.1145/3637528.3671483,2nd Workshop on Causal Inference and Machine Learning in Practice,,,The workshop's rationale stems from the escalating interest in causal inference and machine learning methodologies within various industrial contexts. This surge in demand underscores the importance for both scholars and practitioners to exchange ...,
"Proceedings of the ACM on Measurement and Analysis of Computing Systems (POMACS), Volume 8, Issue 1",ACM,,https://doi.org/10.1145/3639032,Machine Learning Systems are Bloated and Vulnerable,,,"Today's software is bloated with both code and features that are not used by most users. This bloat is prevalent across the entire software stack, from operating systems and applications to containers. Containers are lightweight virtualization ...",
"IVSP '24: Proceedings of the 2024 6th International Conference on Image, Video and Signal Processing",ACM,,https://doi.org/10.1145/3655755.3655781,Machine Learning Algorithms for Diabetes Diagnosis Prediction,,,"Diabetes is one of the most common health conditions in the United States, affecting more than 37 million U.S. adults. Despite how many people are affected by this disease, a permanent cure does not currently exist. Therefore, it is very important for ...",
"CMNM '24: Proceedings of the International Conference on Modeling, Natural Language Processing and Machine Learning",ACM,,https://doi.org/10.1145/3677779.3677809,Traveling Classification Profiler towards Passport Service Optimization using Machine Learning,,,"The issue of passport misuse poses significant threats to both national and international security, as well as the integrity of a country's immigration system. Enhancing the effectiveness of the immigration system to detect and prevent passport misuse is ...",
ACM TURC '23: Proceedings of the ACM Turing Award Celebration Conference - China 2023,ACM,,https://doi.org/10.1145/3603165.3607365,Causal Inspired Trustworthy Machine Learning,,,"In causality-based trustworthy machine learning, finding mechanisms from data-driven correlation analysis to causal inference and constructing a machine learning framework from correlation-driven to causality-driven are two significant challenges. To ...",
AVI '24: Proceedings of the 2024 International Conference on Advanced Visual Interfaces,ACM,,https://doi.org/10.1145/3656650.3656716,User Insights shaping Machine Learning applied to Archives,,,"Archives hold vast amounts of historical and cultural information, but navigating and extracting knowledge can be a daunting task. Machine learning (ML) offers immense potential to unlock these archives, yet its effectiveness hinges on understanding ...",
GeoSearch '24: Proceedings of the 3rd ACM SIGSPATIAL International Workshop on Searching and Mining Large Collections of Geospatial Data,ACM,,https://doi.org/10.1145/3681769.3698586,Machine Learning Model Specification for Cataloging Spatio-Temporal Models (Demo Paper),,,"The Machine Learning Model (MLM) extension is a specification that extends the SpatioTemporal Asset Catalogs (STAC) framework to catalog machine learning models. This demo paper introduces the goals of the MLM, highlighting its role in improving ...",
ICIMMI '23: Proceedings of the 5th International Conference on Information Management & Machine Intelligence,ACM,,https://doi.org/10.1145/3647444.3652435,Machine Learning Algorithms for Advanced Rainfall Prediction,,,"Rainfall forecast is essential in water resource management, agricultural planning, and disaster preparedness. Traditional rainfall forecasting systems have accuracy and lead time constraints. The rise of machine learning (ML) techniques provides a ...",
AICCONF '24: Proceedings of the Cognitive Models and Artificial Intelligence Conference,ACM,,https://doi.org/10.1145/3660853.3660935,Enhanced Network Traffic Classification with Machine Learning Algorithms,,,Network traffic classification plays a critical role in maintaining the security and efficiency of modern computer networks. Existing techniques often have problems effectively identifying and establishing network traffic patterns. This research seeks to ...,
CIIS '23: Proceedings of the 2023 6th International Conference on Computational Intelligence and Intelligent Systems,ACM,,https://doi.org/10.1145/3638209.3638229,Image Scenario classification using Machine learning,,,Image Scenario classification is widespread for many IoT applications. Classifying scenario helps in making proper decisions. The study aims at classifying six different scenarios using a deep neural network algorithm. The proposed InceptionV3 ...,
AICCONF '24: Proceedings of the Cognitive Models and Artificial Intelligence Conference,ACM,,https://doi.org/10.1145/3660853.3660935,Enhanced Network Traffic Classification with Machine Learning Algorithms,,,Network traffic classification plays a critical role in maintaining the security and efficiency of modern computer networks. Existing techniques often have problems effectively identifying and establishing network traffic patterns. This research seeks to ...,
MLNLP '23: Proceedings of the 2023 6th International Conference on Machine Learning and Natural Language Processing,ACM,,https://doi.org/10.1145/3639479.3639512,Experimental design of emotion recognition based on machine learning,,,"In this paper, a wrist bracelet was used to measure the subjects' heart rate signals and skin electrical signals, and three types of emotions (positive, neutral and negative) were induced by designing an experimental environment. The heart rate and skin ...",
AM '24: Proceedings of the 19th International Audio Mostly Conference: Explorations in Sonic Cultures,ACM,,https://doi.org/10.1145/3678299.3678313,A machine learning approach to gesture detection in violin performance,,,"Playing a musical instrument is a highly complex activity. It requires mental and sensorimotor skills, which are learned during a long trajectory. Learning to play an instrument typically involves long periods of practice without teacher supervision. ...",
"PERMAVOST '24: Proceedings of the 4th Workshop on Performance EngineeRing, Modelling, Analysis, and VisualizatiOn STrategy",ACM,,https://doi.org/10.1145/3660317.3660324,Benchmarking Machine Learning Applications on Heterogeneous Architecture using Reframe,,,"With the rapid increase in machine learning workloads performed on HPC systems, it is beneficial to regularly perform machine learning specific benchmarks to monitor performance and identify issues. Furthermore, as part of the Edinburgh International ...",
MLMI '23: Proceedings of the 6th International Conference on Machine Learning and Machine Intelligence,ACM,,https://doi.org/10.1145/3635638.3635646,Predictive Analysis of NBA Game Outcomes through Machine Learning,,,"This study delved into the realm of sports analytics, employing machine learning techniques to predict the outcomes of NBA games based on player performance and team statistics. Through meticulous data collection, filtering, and model comparison, we ...",
KDD '24: Proceedings of the 30th ACM SIGKDD Conference on Knowledge Discovery and Data Mining,ACM,,https://doi.org/10.1145/3637528.3671471,Graph Machine Learning Meets Multi-Table Relational Data,,,"While graph machine learning, and notably graph neural networks (GNNs), have gained immense traction in recent years, application is predicated on access to a known input graph upon which predictive models can be trained. And indeed, within the most ...",
"CMNM '24: Proceedings of the International Conference on Modeling, Natural Language Processing and Machine Learning",ACM,,https://doi.org/10.1145/3677779.3677842,Research on the Load_breast_cancer data set under Multiple Machine Learning Algorithms,,,"breast cancer ranks first in female malignant tumors. Early detection and diagnosis is the key to treatment. This paper uses the open-source load_break_cancer breast cancer data set, mainly uses random forest, support vector machine, logical regression, ...",
GECCO '24 Companion: Proceedings of the Genetic and Evolutionary Computation Conference Companion,ACM,,https://doi.org/10.1145/3638530.3664046,Machine Learning for Evolutionary Computation - the Vehicle Routing Problems Competition,,,The Competition of Machine Learning for Evolutionary Computation for Solving Vehicle Routing Problems (ML4VRP) seeks to bring together machine learning and evolutionary computation communities to propose innovative techniques for vehicle routing problems ...,
"FAccT '24: Proceedings of the 2024 ACM Conference on Fairness, Accountability, and Transparency",ACM,,https://doi.org/10.1145/3630106.3658923,Diversified Ensembling: An Experiment in Crowdsourced Machine Learning,,,"Crowdsourced machine learning on competition platforms such as Kaggle is a popular and often effective method for generating accurate models. Typically, teams vie for the most accurate model, as measured by overall error on a holdout set, and it is ...",
SAC '24: Proceedings of the 39th ACM/SIGAPP Symposium on Applied Computing,ACM,,https://doi.org/10.1145/3605098.3635919,Detection of Slowloris Attacks using Machine Learning Algorithms,,,"The Slowloris attack, a variant of the slow Denial-of-Service (DoS) attack, is a stealthy threat that aims to take down web services provided by companies and institutions. It is able to pass through the traditional defense systems, due to the low amount ...",
MLMI '23: Proceedings of the 6th International Conference on Machine Learning and Machine Intelligence,ACM,,https://doi.org/10.1145/3635638.3635643,Research on Diabetes Prediction Based on Machine Learning,,,"Diabetes is an irreversible, chronic metabolic disease, and is now the third most important non-communicable disease threatening human health. Therefore, early diagnosis of diabetes is essential. In this paper, after preprocessing the Pima Indian ...",
"ACM Transactions on Software Engineering and Methodology (TOSEM), Volume 33, Issue 7",ACM,,https://doi.org/10.1145/3672451,Keeper: Automated Testing and Fixing of Machine Learning Software,,,"The increasing number of software applications incorporating machine learning (ML) solutions has led to the need for testing techniques. However, testing ML software requires tremendous human effort to design realistic and relevant test inputs and to ...",
SE4SafeML 2023: Proceedings of the 1st International Workshop on Dependability and Trustworthiness of Safety-Critical Systems with Machine Learned Components,ACM,,https://doi.org/10.1145/3617574.3617859,MLGuard: Defend Your Machine Learning Model!,,,"Machine Learning (ML) is used in critical highly regulated and high-stakes fields such as finance, medicine, and transportation. The correctness of these ML applications is important for human safety and economic benefit. Progress has been made on ...",
"ACM Computing Surveys (CSUR), Volume 56, Issue 11",ACM,,https://doi.org/10.1145/3670007,Machine Learning with Confidential Computing: A Systematization of Knowledge,,,"Privacy and security challenges in Machine Learning (ML) have become increasingly severe, along with ML’s pervasive development and the recent demonstration of large attack surfaces. As a mature system-oriented approach, Confidential Computing has been ...",
DEEM '23: Proceedings of the Seventh Workshop on Data Management for End-to-End Machine Learning,ACM,,https://doi.org/10.1145/3595360.3595859,MLflow2PROV: Extracting Provenance from Machine Learning Experiments,,,"Supporting iterative and explorative workflows for developing machine learning (ML) models, ML experiment management systems (ML EMSs), such as MLflow, are increasingly used to simplify the structured collection and management of ML artifacts, such as ML ...",
"Communications of the ACM (CACM), Volume 67, Issue 5",ACM,,https://doi.org/10.1145/3633455,Test-Driven Ethics for Machine Learning,,,Encouraging organizations to adapt a test-driven ethical development approach.,
EuroSys '24: Proceedings of the Nineteenth European Conference on Computer Systems,ACM,,https://doi.org/10.1145/3627703.3629563,Accelerating Privacy-Preserving Machine Learning With GeniBatch,,,"Cross-silo privacy-preserving machine learning (PPML) adopt; Partial Homomorphic Encryption (PHE) for secure data combination and high-quality model training across multiple organizations (e.g., medical and financial). However, PHE introduces significant ...",
ICCSIE '23: Proceedings of the 8th International Conference on Cyber Security and Information Engineering,ACM,,https://doi.org/10.1145/3617184.3618056,Constructing Dynamic Honeypot Using Machine Learning,,,"Honeypot is an active security defense technology that uses false information to lure attackers into attacking and record their behavior. Traditional honeypots are usually static, and inherent features and services can accelerate attackers' recognition ...",
SIGMOD/PODS '24: Companion of the 2024 International Conference on Management of Data,ACM,,https://doi.org/10.1145/3626246.3656000,"The Limitations of Data, Machine Learning and Us",,,"Machine learning (ML), particularly deep learning, is being used everywhere. However, not always is applied well or has ethical and/or scientific issues. In this keynote we first do a deep dive in the limitations of supervised ML and data, its key input. ...",
"Queue (QUEUE), Volume 19, Issue 6",ACM,,https://doi.org/10.1145/3511299,Interpretable Machine Learning: Moving from mythos to diagnostics,,,The emergence of machine learning as a society-changing technology in the past decade has triggered concerns about people's inability to understand the reasoning of increasingly complex models. The field of IML (interpretable machine learning) grew out ...,
"Digital Threats: Research and Practice (DTRAP), Volume 5, Issue 1",ACM,,https://doi.org/10.1145/3617897,Machine Learning (In) Security: A Stream of Problems,,,"Machine Learning (ML) has been widely applied to cybersecurity and is considered state-of-the-art for solving many of the open issues in that field. However, it is very difficult to evaluate how good the produced solutions are, since the challenges faced ...",
ICCSIE '23: Proceedings of the 8th International Conference on Cyber Security and Information Engineering,ACM,,https://doi.org/10.1145/3617184.3618056,Constructing Dynamic Honeypot Using Machine Learning,,,"Honeypot is an active security defense technology that uses false information to lure attackers into attacking and record their behavior. Traditional honeypots are usually static, and inherent features and services can accelerate attackers' recognition ...",
SIGMOD/PODS '24: Companion of the 2024 International Conference on Management of Data,ACM,,https://doi.org/10.1145/3626246.3656000,"The Limitations of Data, Machine Learning and Us",,,"Machine learning (ML), particularly deep learning, is being used everywhere. However, not always is applied well or has ethical and/or scientific issues. In this keynote we first do a deep dive in the limitations of supervised ML and data, its key input. ...",
"Queue (QUEUE), Volume 19, Issue 6",ACM,,https://doi.org/10.1145/3511299,Interpretable Machine Learning: Moving from mythos to diagnostics,,,The emergence of machine learning as a society-changing technology in the past decade has triggered concerns about people's inability to understand the reasoning of increasingly complex models. The field of IML (interpretable machine learning) grew out ...,
SBFT '24: Proceedings of the 17th ACM/IEEE International Workshop on Search-Based and Fuzz Testing,ACM,,https://doi.org/10.1145/3643659.3643927,Automated Boundary Identification for Machine Learning Classifiers,,,"AI and Machine Learning (ML) models are increasingly used as (critical) components in software systems, even safety-critical ones. This puts new demands on the degree to which we need to test them and requires new and expanded testing methods. Recent ...",
"ACM Computing Surveys (CSUR), Volume 56, Issue 4",ACM,,https://doi.org/10.1145/3624010,A Survey of Privacy Attacks in Machine Learning,,,"As machine learning becomes more widely used, the need to study its implications in security and privacy becomes more urgent. Although the body of work in privacy has been steadily growing over the past few years, research on the privacy aspects of ...",
CIBDA '24: Proceedings of the 5th International Conference on Computer Information and Big Data Applications,ACM,,https://doi.org/10.1145/3671151.3671253,Using Machine Learning Methods to Select Stock Factors,,,"In the intersection research of quantitative finance and big data, whether stock anomalies still exist under various statistical methods especially machine learning methods, and which characteristics could provide independent information have been widely ...",
DEC '23: Proceedings of the Second ACM Data Economy Workshop,ACM,,https://doi.org/10.1145/3600046.3600048,Image Watermarking for Machine Learning Datasets,,,"Machine learning has received increasing attention for the last decade due to its significant success in classification problems in almost every application domain. For its success, the amount of available data for training plays a crucial role in the ...",
"ACM Computing Surveys (CSUR), Volume 56, Issue 12",ACM,,https://doi.org/10.1145/3677119,Counterfactual Explanations and Algorithmic Recourses for Machine Learning: A Review,,,"Machine learning plays a role in many deployed decision systems, often in ways that are difficult or impossible to understand by human stakeholders. Explaining, in a human-understandable way, the relationship between the input and output of machine ...",
"TEI '23: Proceedings of the Seventeenth International Conference on Tangible, Embedded, and Embodied Interaction",ACM,,https://doi.org/10.1145/3569009.3572739,Mix & Match Machine Learning: An Ideation Toolkit to Design Machine Learning-Enabled Solutions,,,"Machine learning (ML) provides designers with a wide range of opportunities to innovate products and services. However, the design discipline struggles to integrate ML knowledge in education and prepare designers to ideate with ML. We propose the Mix & ...",
ACM SIGCOMM '24: Proceedings of the ACM SIGCOMM 2024 Conference,ACM,,https://doi.org/10.1145/3651890.3672243,m3: Accurate Flow-Level Performance Estimation using Machine Learning,,,"Data center network operators often need accurate estimates of aggregate network performance. Unfortunately, existing methods for estimating aggregate network statistics are either inaccurate or too slow to be practical at the data center scale.
In this ...",
"ACM Computing Surveys (CSUR), Volume 57, Issue 2",ACM,,https://doi.org/10.1145/3696352,Machine Learning for Actionable Warning Identification: A Comprehensive Survey,,,"Actionable Warning Identification (AWI) plays a crucial role in improving the usability of static code analyzers. With recent advances in Machine Learning (ML), various approaches have been proposed to incorporate ML techniques into AWI. These ML-based ...",
ACM-TURC '24: Proceedings of the ACM Turing Award Celebration Conference - China 2024,ACM,,https://doi.org/10.1145/3674399.3674469,Access Structure Selection for Knowledge Graphs Based on Machine Learning,,,"In recent years, the rapid development of machine learning technology has provided opportunities for the automatic access structure selection of knowledge graph data. Considering that machine learning is suitable to describe the complex patterns and ...",
GECCO '24: Proceedings of the Genetic and Evolutionary Computation Conference,ACM,,https://doi.org/10.1145/3638529.3654043,Machine Learning-Enhanced Ant Colony Optimization for Column Generation,,,Column generation (CG) is a powerful technique for solving optimization problems that involve a large number of variables or columns. This technique begins by solving a smaller problem with a subset of columns and gradually generates additional columns ...,
ICMLSC '24: Proceedings of the 2024 8th International Conference on Machine Learning and Soft Computing,ACM,,https://doi.org/10.1145/3647750.3647781,Retailers' Order Decision with Setup Cost using Machine Learning,,,The objective of this study was to gain valuable insights into retailer behavior and develop a predictive model to inform their purchasing decisions. This process involved a comprehensive analysis of the various factors that influence retailers when they ...,
ICSE-SEIP '24: Proceedings of the 46th International Conference on Software Engineering: Software Engineering in Practice,ACM,,https://doi.org/10.1145/3639477.3639746,Resolving Code Review Comments with Machine Learning,,,"Code reviews are a critical part of the software development process, taking a significant amount of the code authors' and the code reviewers' time. As part of this process, the reviewer inspects the proposed code and asks the author for code changes ...",
PODC '24: Proceedings of the 43rd ACM Symposium on Principles of Distributed Computing,ACM,,https://doi.org/10.1145/3662158.3662802,Brief Announcement: A Case for Byzantine Machine Learning,,,"The success of machine learning (ML) has been intimately linked with the availability of large amounts of data, typically collected from heterogeneous sources and processed on vast networks of computing devices (also called workers). Beyond accuracy, the ...",
"ACM Transactions on Embedded Computing Systems (TECS), Volume 23, Issue 3",ACM,,https://doi.org/10.1145/3603171,TinyNS: Platform-aware Neurosymbolic Auto Tiny Machine Learning,,,"Machine learning at the extreme edge has enabled a plethora of intelligent, time-critical, and remote applications. However, deploying interpretable artificial intelligence systems that can perform high-level symbolic reasoning and satisfy the underlying ...",
ESEM '24: Proceedings of the 18th ACM/IEEE International Symposium on Empirical Software Engineering and Measurement,ACM,,https://doi.org/10.1145/3674805.3686678,An Investigation of How Software Developers Read Machine Learning Code,,,Background Machine Learning plays an ever-growing role in everyday software. This means a paradigmatic shift in how software operators from algorithm-centered software where the developers defines the functionality to data-driven development where ...,
SIGGRAPH '23: ACM SIGGRAPH 2023 Courses,ACM,,https://doi.org/10.1145/3587423.3595530,Machine Learning & Neural Networks,,,,
"XRDS: Crossroads, The ACM Magazine for Students (XRDS), Volume 31, Issue 1",ACM,,https://doi.org/10.1145/3688077,Exploring the Frontiers of Machine Learning in Education,,,,
"AIES '23: Proceedings of the 2023 AAAI/ACM Conference on AI, Ethics, and Society",ACM,,https://doi.org/10.1145/3600211.3604753,Advancing Health Equity with Machine Learning,,,"Social privilege in terms of power, wealth, and prestige is the driver of avoidable health inequities. But today, machine learning systems in healthcare are largely focused on data and systems within hospitals and clinics, ignoring the factors that lead ...",
ICMLC '24: Proceedings of the 2024 16th International Conference on Machine Learning and Computing,ACM,,https://doi.org/10.1145/3651671.3651683,Automatic Machine Learning based Real Time Multi-Tasking Image Fusion,,,"Imaging systems work diversely in the image processing domain, and each system contains specific characteristics. We are developing models to fuse images from different sensors and environments to get promising outcomes for different computer vision ...",
ASIA CCS '24: Proceedings of the 19th ACM Asia Conference on Computer and Communications Security,ACM,,https://doi.org/10.1145/3634737.3657026,Cloud-Based Machine Learning Models as Covert Communication Channels,,,"While Machine Learning (ML) is one of the most promising technologies in our era, it is prone to a variety of attacks. One of them is covert channels, that enable two parties to stealthily transmit information through carriers intended for different ...",
ICIMMI '23: Proceedings of the 5th International Conference on Information Management & Machine Intelligence,ACM,,https://doi.org/10.1145/3647444.3647843,Qualitative Analysis on Machine Learning Through Biblioshiny,,,Machine learning augments business firms by enhancing their business operations and by reduction in costs. It assists business houses to visualize the historical patterns and to envisage future decisions. Machine learning applies algorithms and models to ...,
"ACM Transactions on Embedded Computing Systems (TECS), Volume 23, Issue 3",ACM,,https://doi.org/10.1145/3603171,TinyNS: Platform-aware Neurosymbolic Auto Tiny Machine Learning,,,"Machine learning at the extreme edge has enabled a plethora of intelligent, time-critical, and remote applications. However, deploying interpretable artificial intelligence systems that can perform high-level symbolic reasoning and satisfy the underlying ...",
IDE '24: Proceedings of the 1st ACM/IEEE Workshop on Integrated Development Environments,ACM,,https://doi.org/10.1145/3643796.3648464,Detecting Security-Relevant Methods using Multi-label Machine Learning,,,"To detect security vulnerabilities, static analysis tools need to be configured with security-relevant methods. Current approaches can automatically identify such methods using binary relevance machine learning approaches. However, they ignore ...",
ICMLC '24: Proceedings of the 2024 16th International Conference on Machine Learning and Computing,ACM,,https://doi.org/10.1145/3651671.3651689,Study on The Effect of Encoding Method in Quantum Machine Learning,,,"Quantum machine learning algorithms use qubit encoding and quantum circuits to perform feature extraction and pattern recognition. However, the choice of data encoding methods can have a significant impact on the model’s performance. To evaluate the ...",
,ACM,,,DistributedML '23: Proceedings of the 4th International Workshop on Distributed Machine Learning,,,"Following up the prior three successful versions of DistributedML, it is our great honour and pleasure to welcome you again, this time physically in the 4rd edition of the Distributed Machine Learning Workshop (DistributedML '23). The workshop is co-...",
WoSC '23: Proceedings of the 9th International Workshop on Serverless Computing,ACM,,https://doi.org/10.1145/3631295.3631399,Leveraging Intra-Function Parallelism in Serverless Machine Learning,,,"Running stateful machine learning algorithms with serverless architectures inherently induces overheads, as serverless functions are not directly network-addressable, hence one must rely on a remote storage service for storing the shared state. To hide ...",
"ARES '24: Proceedings of the 19th International Conference on Availability, Reliability and Security",ACM,,https://doi.org/10.1145/3664476.3670867,RMF: A Risk Measurement Framework for Machine Learning Models,,,"Machine learning (ML) models are used in many safety- and security-critical applications nowadays. It is therefore important to measure the security of a system that uses ML as a component. This paper focuses on the field of ML, particularly the ...",
SIGCSE 2024: Proceedings of the 55th ACM Technical Symposium on Computer Science Education V. 2,ACM,,https://doi.org/10.1145/3626253.3635497,Developing Interactive Exercise Materials for Machine Learning Using Spreadsheets,,,"This paper presents a new technique for creating machine-learning exercise materials using spreadsheets. Spreadsheets are often used in teaching machine learning for beginners and non-specialists. However, computation in machine learning models is ...",
SIGMOD/PODS '24: Companion of the 2024 International Conference on Management of Data,ACM,,https://doi.org/10.1145/3626246.3654686,"Machine Learning for Databases: Foundations, Paradigms, and Open problems",,,"This tutorial delves into the burgeoning field of Machine Learning for Databases (ML4DB), highlighting its recent progress and the challenges impeding its integration into industrial-grade database management systems. We systematically explore three key ...",
SBSI '24: Proceedings of the 20th Brazilian Symposium on Information Systems,ACM,,https://doi.org/10.1145/3658271.3658330,Machine Learning Applied To Fall Detection in the Elderly,,,"Context: With the increase in falls among the elderly, rapid detection becomes essential to reduce fatal risks. This challenge stimulates advancements in machine learning algorithms and IoT technologies in medicine, aiming to improve the safety and ...",
WWW '23 Companion: Companion Proceedings of the ACM Web Conference 2023,ACM,,https://doi.org/10.1145/3543873.3589751,Machine Learning for Streaming Media,,,"Streaming media has become a popular medium for consumers of all ages, with people spending several hours a day streaming videos, games, music, or podcasts across devices. Most global streaming services have introduced Machine Learning (ML) into their ...",
CHI EA '24: Extended Abstracts of the 2024 CHI Conference on Human Factors in Computing Systems,ACM,,https://doi.org/10.1145/3613905.3651116,Machine Learning Insights Into Eating Disorder Twitter Communities,,,"Eating disorders have serious impacts on young population physical, psychological, and social functioning. Health agencies are calling for new psycho-therapeutic intervention considerations that take into account online communities, which is not possible ...",
ICCMT '24: Proceedings of the 2024 International Conference on Computer and Multimedia Technology,ACM,,https://doi.org/10.1145/3675249.3675337,Quantitative Investment Based on Fundamental Analysis Using Machine Learning,,,Forecasting financial markets has always been a focus of investors and researchers. This study aims to build a reliable financial market prediction model through factor selection and machine learning model construction. Traditional technical and ...,
,ACM,,,WiseML '24: Proceedings of the 2024 ACM Workshop on Wireless Security and Machine Learning,,,"It is our great pleasure to welcome you to the ACM Workshop on Wireless Security and Machine Learning (WiseML) 2024. This year's workshop continues its tradition of being a premier forum to bring together members of the ML, privacy, security, wireless ...",
PEARC '24: Practice and Experience in Advanced Research Computing 2024: Human Powered Computing,ACM,,https://doi.org/10.1145/3626203.3670552,NeedLR: Streamlining Point Cloud Annotation for Enhanced Machine Learning Integration,,,"With the rising popularity of remote sensing across various scientific and engineering disciplines, the demand for efficient analysis of point cloud data has surged. However, the inherent complexity and volume of point cloud data pose considerable ...",
"ACM SIGIR Forum (SIGIR), Volume 57, Issue 1",ACM,,https://doi.org/10.1145/3636341.3636360,Adversarial Machine Learning in Recommender Systems,,,"Recommender systems are ubiquitous. Our digital lives are influenced by their use when, for instance, we select the news to read, the product to buy, the friend to connect with, and the movie to watch. While enormous academic research efforts have been ...",
MM '24: Proceedings of the 32nd ACM International Conference on Multimedia,ACM,,https://doi.org/10.1145/3664647.3680665,AutoM3L: An Automated Multimodal Machine Learning Framework with Large Language Models,,,"Automated Machine Learning (AutoML) offers a promising approach to streamline the training of machine learning models. However, existing AutoML frameworks are often limited to unimodal scenarios and require extensive manual configuration. Recent ...",
"ACM SIGIR Forum (SIGIR), Volume 57, Issue 1",ACM,,https://doi.org/10.1145/3636341.3636360,Adversarial Machine Learning in Recommender Systems,,,"Recommender systems are ubiquitous. Our digital lives are influenced by their use when, for instance, we select the news to read, the product to buy, the friend to connect with, and the movie to watch. While enormous academic research efforts have been ...",
"ASPLOS '24: Proceedings of the 29th ACM International Conference on Architectural Support for Programming Languages and Operating Systems, Volume 3",ACM,,https://doi.org/10.1145/3620666.3651367,ProxiML: Building Machine Learning Classifiers for Photonic Quantum Computing,,,"Quantum machine learning has shown early promise and potential for productivity improvements for machine learning classification tasks, but has not been systematically explored on photonics quantum computing platforms. Therefore, this paper presents the ...",
"ACM Transactions on Asian and Low-Resource Language Information Processing (TALLIP), Volume 23, Issue 2",ACM,,https://doi.org/10.1145/3637826,A Machine Learning–Based Readability Model for Gujarati Texts,,,This study aims to develop a machine learning–based model to predict the readability of Gujarati texts. The dataset was 50 prose passages from Gujarati literature. Fourteen lexical and syntactic readability text features were extracted from the dataset ...,
AICCONF '24: Proceedings of the Cognitive Models and Artificial Intelligence Conference,ACM,,https://doi.org/10.1145/3660853.3660879,Advancing Cyber Threat Intelligence through Machine Learning Algorithms,,,"In the domain of Cyber Threat Intelligence (CTI) the enigmatic depths of the Dark Web are pivotal for the early identification of nascent cyber threats. Yet, the voluminous and sprawling data across hacker forums and illicit marketplaces pose a ...",
DEEM '23: Proceedings of the Seventh Workshop on Data Management for End-to-End Machine Learning,ACM,,https://doi.org/10.1145/3595360.3595852,Teaching Blue Elephants the Maths for Machine Learning,,,"Code-generation suits well for reverse mode automatic differentiation as it stores each partial derivative as a virtual register. Since the introduction of just-in-time compilation in PostgreSQL, an efficient operator for automatic differentiation seems ...",
WWW '24: Proceedings of the ACM Web Conference 2024,ACM,,https://doi.org/10.1145/3589334.3645520,ModelGo: A Practical Tool for Machine Learning License Analysis,,,"Productionizing machine learning projects is inherently complex, involving a multitude of interconnected components that are assembled like LEGO blocks and evolve throughout development lifecycle. These components encompass software, databases, and ...",
"MLPRAE '24: Proceedings of the International Conference on Machine Learning, Pattern Recognition and Automation Engineering",ACM,,https://doi.org/10.1145/3696687.3696698,Analysis of vertical tank vertical deformation based on machine learning and point cloud data,,,"As an important oil storage container, the vertical oil storage tank will be deformed due to the change of service age, wind load, pressure change, operation error and other reasons, which leaves a huge hidden danger for the instability or explosion ...",
ICBBE '23: Proceedings of the 2023 10th International Conference on Biomedical and Bioinformatics Engineering,ACM,,https://doi.org/10.1145/3637732.3637744,Breast Cancer Detection with Topological Machine Learning,,,"Screening for breast cancer using mammograms and ultrasound images is an essential but time-consuming and expensive process that requires a trained clinician’s interpretation. To address this issue, machine learning (ML) methods have been developed in ...",
CSAI '23: Proceedings of the 2023 7th International Conference on Computer Science and Artificial Intelligence,ACM,,https://doi.org/10.1145/3638584.3638678,Review on Research of Automated Machine Learning,,,"Automated Machine Learning (AutoML) can automatically discover high-performance models to build deep learning systems without human assistance, with the ultimate goal of reducing the complexity and entry barriers of building deep learning systems. ...",
ICAIF '23: Proceedings of the Fourth ACM International Conference on AI in Finance,ACM,,https://doi.org/10.1145/3604237.3626884,Generative Machine Learning for Multivariate Equity Returns,,,"The use of machine learning to generate synthetic data has grown in popularity with the proliferation of text-to-image models and especially large language models. The core methodology these models use is to learn the distribution of the underlying data, ...",
CIBDA '24: Proceedings of the 5th International Conference on Computer Information and Big Data Applications,ACM,,https://doi.org/10.1145/3671151.3671363,Research on depression diagnosis based on the Machine Learning,,,"Depression is a common mental disorder that has serious effects on patients' physical and mental health. Diagnosis of depression in clinical practice mainly relies on the experience and professional knowledge of physicians, which results in inaccurate ...",
CODASPY '24: Proceedings of the Fourteenth ACM Conference on Data and Application Security and Privacy,ACM,,https://doi.org/10.1145/3626232.3658637,Machine Learning Techniques for Python Source Code Vulnerability Detection,,,"Software vulnerabilities are a fundamental reason for the prevalence of cyber attacks and their identification is a crucial yet challenging problem in cyber security. In this paper, we apply and compare different machine learning algorithms for source ...",
,ACM,,,EuroMLSys '24: Proceedings of the 4th Workshop on Machine Learning and Systems,,,,
SOICT '23: Proceedings of the 12th International Symposium on Information and Communication Technology,ACM,,https://doi.org/10.1145/3628797.3628974,Enhancing Intensive Care Patient Prognostics with Machine Learning,,,"This article delves into the challenge of foreseeing patient discharges and unplanned returns to the intensive care unit. Its primary objective is to enhance the decision-making process for healthcare providers and administrators, facilitate resource ...",
MLCAD '24: Proceedings of the 2024 ACM/IEEE International Symposium on Machine Learning for CAD,ACM,,https://doi.org/10.1145/3670474.3685947,A Parallel Simulation Framework Incorporating Machine Learning-Based Hotspot Detection for Accelerated Power Grid Analysis,,,"Power grid analysis is essential for integrated circuit design, especially as the scale extends to billions of nodes, making precise calculations across the entire spatial domain prohibitively expensive. Domain decomposition methods (DDM) facilitate ...",
AST '24: Proceedings of the 5th ACM/IEEE International Conference on Automation of Software Test (AST 2024),ACM,,https://doi.org/10.1145/3644032.3644467,Machine Learning-based Test Case Prioritization using Hyperparameter Optimization,,,"Continuous integration pipelines execute extensive automated test suites to validate new software builds. In this fast-paced development environment, delivering timely testing results to developers is critical to ensuring software quality. Test case ...",
CompSysTech '24: Proceedings of the International Conference on Computer Systems and Technologies 2024,ACM,,https://doi.org/10.1145/3674912.3674937,Machine Learning Algorithms for Cyber Attack Detection And Classification,,,"As a result of the accelerated development and expansion of technology in the present day, a new concern has emerged: cyberattacks. This has generated significant concern across various domains globally, leading to considerable disruption in networks and ...",
ICPP '24: Proceedings of the 53rd International Conference on Parallel Processing,ACM,,https://doi.org/10.1145/3673038.3673106,Scheduling Machine Learning Compressible Inference Tasks with Limited Energy Budget,,,"Advancements in cloud computing have boosted Machine Learning as a Service (MLaaS), highlighting the challenge of scheduling tasks under latency and deadline constraints. Neural network compression offers the latency and energy consumption reduction in ...",
CompSysTech '24: Proceedings of the International Conference on Computer Systems and Technologies 2024,ACM,,https://doi.org/10.1145/3674912.3674915,Machine Learning Models for Advanced Air Quality Prediction,,,"Air quality stands as a pivotal factor influencing public health and well-being, shaping urban planning strategies, health management practices, and environmental policies. Having meticulously scrutinized PM2.5 concentration data from 42 monitoring ...",
SBSI '24: Proceedings of the 20th Brazilian Symposium on Information Systems,ACM,,https://doi.org/10.1145/3658271.3658326,Investigating Predicting Voluntary Resignation Program Participation with Machine Learning,,,Context: The growing challenge in attracting employees to Voluntary Resignation Programs (VRP) lies in the need to balance the company’s cost control with the goal of increasing participation from the target audience. Problem: It is essential to ensure ...,
"Proceedings of the ACM on Programming Languages (PACMPL), Volume 8, Issue OOPSLA1",ACM,,https://doi.org/10.1145/3649841,TorchQL: A Programming Framework for Integrity Constraints in Machine Learning,,,"Finding errors in machine learning applications requires a thorough exploration of their behavior over data. Existing approaches used by practitioners are often ad-hoc and lack the abstractions needed to scale this process. We present TorchQL, a ...",
KDD '24: Proceedings of the 30th ACM SIGKDD Conference on Knowledge Discovery and Data Mining,ACM,,https://doi.org/10.1145/3637528.3671551,Causal Machine Learning for Cost-Effective Allocation of Development Aid,,,"The Sustainable Development Goals (SDGs) of the United Nations provide a blueprint of a better future by ""leaving no one behind"", and, to achieve the SDGs by 2030, poor countries require immense volumes of development aid. In this paper, we develop a ...",
CSAI '23: Proceedings of the 2023 7th International Conference on Computer Science and Artificial Intelligence,ACM,,https://doi.org/10.1145/3638584.3638678,Review on Research of Automated Machine Learning,,,"Automated Machine Learning (AutoML) can automatically discover high-performance models to build deep learning systems without human assistance, with the ultimate goal of reducing the complexity and entry barriers of building deep learning systems. ...",
"ASENS '24: Proceedings of the International Conference on Algorithms, Software Engineering, and Network Security",ACM,,https://doi.org/10.1145/3677182.3677290,Effective e-commerce price prediction with machine learning technologies,,,The development of e-commerce plays a significant role in improving market efficiency and promoting the optimization of industrial structures. Machine learning technology has been widely used in the exploration and prediction of data in this field. In ...,
WWW '24: Companion Proceedings of the ACM Web Conference 2024,ACM,,https://doi.org/10.1145/3589335.3665841,Leveraging Machine Learning Models for Trustworthy Prediction of Diabetes,,,A significant and widespread health issue among people of all ages is diabetes. Incorporating machine learning (ML) algorithms in clinical care can assist in the early detection of diabetes and preventing patients from experiencing significant health ...,
WebMedia '23: Proceedings of the 29th Brazilian Symposium on Multimedia and the Web,ACM,,https://doi.org/10.1145/3617023.3617043,Unfairness in Machine Learning for Web Systems Applications,,,"Machine learning models are increasingly present in our society; many of these models integrate Web Systems and are directly related to the content we consume daily. Nonetheless, on several occasions, these models have been responsible for decisions ...",
DEAI '24: Proceedings of the 2024 Guangdong-Hong Kong-Macao Greater Bay Area International Conference on Digital Economy and Artificial Intelligence,ACM,,https://doi.org/10.1145/3675417.3675484,Analysis of Random Initialization Methods in Machine Learning,,,"Machine learning is an important field in artificial intelligence. In machine learning, the process of randomly initializing model parameters during model training is very important because good random initialization can help the model converge to better ...",
ICIAI '24: Proceedings of the 2024 International Conference on Innovation in Artificial Intelligence,ACM,,https://doi.org/10.1145/3655497.3655498,The Knowledge Training System Based on Machine Learning Technology,,,"With the rapid development of information technology, people's demand for knowledge acquisition and application is becoming increasingly strong. However, with the explosive growth of information, it is difficult for ordinary people to effectively access ...",
IDC '23: Proceedings of the 22nd Annual ACM Interaction Design and Children Conference,ACM,,https://doi.org/10.1145/3585088.3593929,"Developing Machine Learning Agency Among Youth: Investigating Youth Critical Use, Examination, and Production of Machine Learning Applications",,,Abstract. Young people are surrounded by machine learning (ML) devices and their lived experiences are increasingly shaped by the ML technologies that are ever-present in their lives. As innovations in machine learning technologies continue to shape ...,
NANOCOM '23: Proceedings of the 10th ACM International Conference on Nanoscale Computing and Communication,ACM,,https://doi.org/10.1145/3576781.3608735,Towards Molecular Machine Learning for the IoBNT,,,"In this paper, we present a reaction-diffusion-based architecture, which can be used as basic building block for the implementation of machine learning algorithms at the nano-scale. We present the principle and a first mathematical model and validated ...",
"MOBIHOC '24: Proceedings of the Twenty-fifth International Symposium on Theory, Algorithmic Foundations, and Protocol Design for Mobile Networks and Mobile Computing",ACM,,https://doi.org/10.1145/3641512.3686393,In-Sensor Machine Learning: Radio Frequency Neural Networks for Wireless Sensing,,,"Growing interest in wireless sensing, a cornerstone of the Artificial Intelligence of Things (AIoT), stems from its ability to gauge target states through nearby wireless signals. However, the escalating count of AIoT nodes escalates redundant data flow ...",
CompSysTech '24: Proceedings of the International Conference on Computer Systems and Technologies 2024,ACM,,https://doi.org/10.1145/3674912.3674915,Machine Learning Models for Advanced Air Quality Prediction,,,"Air quality stands as a pivotal factor influencing public health and well-being, shaping urban planning strategies, health management practices, and environmental policies. Having meticulously scrutinized PM2.5 concentration data from 42 monitoring ...",
WiPSCE '24: Proceedings of the 19th WiPSCE Conference on Primary and Secondary Computing Education Research,ACM,,https://doi.org/10.1145/3677619.3678114,Identifying Secondary School Students' Misconceptions about Machine Learning: An Interview Study,,,"Since students are familiar with machine learning (ML)-based applications in their everyday lives, they already construct mental models of how these systems work. This can result in misconceptions that influence the learning of correct ML concepts. ...",
"ACM Journal on Emerging Technologies in Computing Systems (JETC), Volume 19, Issue 2",ACM,,https://doi.org/10.1145/3589506,A Survey on Machine Learning in Hardware Security,,,"Hardware security is currently a very influential domain, where each year countless works are published concerning attacks against hardware and countermeasures. A significant number of them use machine learning, which is proven to be very effective in ...",
IC3 '24: Proceedings of the 2024 Sixteenth International Conference on Contemporary Computing,ACM,,https://doi.org/10.1145/3675888.3676144,Automated Examination System using Machine Learning and Natural Language Processing,,,"Traditional examination processes are burdened with inefficiencies and vulnerabilities that hinder the educational process. Manual tasks such as question formulation and answer grading consume significant time and resources, while security concerns ...",
ICMLCA '23: Proceedings of the 2023 4th International Conference on Machine Learning and Computer Application,ACM,,https://doi.org/10.1145/3650215.3650280,Rethinking on Misleading of Machine Learning in Bank Risk Warning System,,,"Machine learning is widely used in the bank risk warning system more and more popular. It has been able to provide early internal bank risk warning nowadays. However, its ability of external risk warning is limited and need a long way to go to meet the ...",
CIBDA '24: Proceedings of the 5th International Conference on Computer Information and Big Data Applications,ACM,,https://doi.org/10.1145/3671151.3671158,Progress of machine learning potentials for material atomic simulation,,,How to simulate material phenomena of large time-scales and system with high accuracy at low computational cost is the driving force for the development of simulation techniques in computational materials science. The study of complex large-scale natural ...,
MLCAD '24: Proceedings of the 2024 ACM/IEEE International Symposium on Machine Learning for CAD,ACM,,https://doi.org/10.1145/3670474.3685961,HLSFactory: A Framework Empowering High-Level Synthesis Datasets for Machine Learning and Beyond,,,"Machine learning (ML) techniques have been applied to high-level synthesis (HLS) flows for quality-of-result (QoR) prediction and design space exploration (DSE). Nevertheless, the scarcity of accessible high-quality HLS datasets and the complexity of ...",
ICCTA '23: Proceedings of the 2023 9th International Conference on Computer Technology Applications,ACM,,https://doi.org/10.1145/3605423.3605450,Machine Learning on Insurance Premium Prediction,,,The insurance field is going through a phase of great transformation due to the growth of new technologies and techniques that are causing a change in the way data is handled and analyzed. The main perpetrator of this phenomenon is the introduction of ...,
ICCTA '23: Proceedings of the 2023 9th International Conference on Computer Technology Applications,ACM,,https://doi.org/10.1145/3605423.3605450,Machine Learning on Insurance Premium Prediction,,,The insurance field is going through a phase of great transformation due to the growth of new technologies and techniques that are causing a change in the way data is handled and analyzed. The main perpetrator of this phenomenon is the introduction of ...,
LADC '23: Proceedings of the 12th Latin-American Symposium on Dependable and Secure Computing,ACM,,https://doi.org/10.1145/3615366.3622793,Advanced Machine Learning for Runtime Data Generation,,,"Given the ubiquity of software in everyday critical tasks, ensuring its dependability is of utmost importance. Software faults, which can lead to errors and vulnerabilities, can significantly comprise the target system. Various techniques have been ...",
"ACM Transactions on Autonomous and Adaptive Systems (TAAS), Volume 19, Issue 3",ACM,,https://doi.org/10.1145/3665795,Self-Supervised Machine Learning Framework for Online Container Security Attack Detection,,,"Container security has received much research attention recently. Previous work has proposed to apply various machine learning techniques to detect security attacks in containerized applications. On one hand, supervised machine learning schemes require ...",
ACM REP '24: Proceedings of the 2nd ACM Conference on Reproducibility and Replicability,ACM,,https://doi.org/10.1145/3641525.3663629,Reproscreener: Leveraging LLMs for Assessing Computational Reproducibility of Machine Learning Pipelines,,,The increasing reliance on machine learning models in scientific research and day-to-day applications – and the near-opacity of their associated computational methods – creates a widely recognized need to enable others to verify results coming from ...,
CASCON '23: Proceedings of the 33rd Annual International Conference on Computer Science and Software Engineering,ACM,,,First Workshop on Machine Learning Challenges in Cybersecurity,,,"Cybersecurity events severely impact many individuals, infras-tructures, businesses, and institutions. Machine learning has been playing a key role in many aspects of our daily life and in particular as a cyber defense mechanism. However, the nature of ...",
"Proceedings of the VLDB Endowment (PVLDB), Volume 17, Issue 8",ACM,,https://doi.org/10.14778/3659437.3659441,InferDB: In-Database Machine Learning Inference Using Indexes,,,The performance of inference with machine learning (ML) models and its integration with analytical query processing have become critical bottlenecks for data analysis in many organizations. An ML inference pipeline typically consists of a preprocessing ...,
GECCO '24 Companion: Proceedings of the Genetic and Evolutionary Computation Conference Companion,ACM,,https://doi.org/10.1145/3638530.3658378,Evolutionary Machine Learning for Interpretable and eXplainable AI,,,,
"Communications of the ACM (CACM), Volume 67, Issue 11",ACM,,https://doi.org/10.1145/3655635,Machine Learning in Computer Security is Difficult to Fix,,,,
CIKM '24: Proceedings of the 33rd ACM International Conference on Information and Knowledge Management,ACM,,https://doi.org/10.1145/3627673.3679101,Systems for Scalable Graph Analytics and Machine Learning: Trends and Methods,,,"Graph-theoretic algorithms and graph machine learning models are essential tools for addressing many real-life problems, such as social network analysis and bioinformatics. To support large-scale graph analytics, graph-parallel systems have been actively ...",
APIT '23: Proceedings of the 2023 5th Asia Pacific Information Technology Conference,ACM,,https://doi.org/10.1145/3588155.3588181,NFT Appraisal Using Machine Learning,,,"Non-Fungible Tokens (NFTs) are digital assets based on a blockchain and those are characterized as unique cryptographic tokens and non-interchangeable. To date, research into the NFT marketplace has been relatively limited. As it is an emerging platform ...",
SUI '23: Proceedings of the 2023 ACM Symposium on Spatial User Interaction,ACM,,https://doi.org/10.1145/3607822.3616410,Machine Learning on Topological Constraint for Mismatching Removal,,,"Image feature matching is a critical task in human-computer interaction, such as driverless cars, collaborative medical robots, aiming to establish correspondence between two images inputted from human or computer. To ensure the accuracy of matches, ...",
KDD '23: Proceedings of the 29th ACM SIGKDD Conference on Knowledge Discovery and Data Mining,ACM,,https://doi.org/10.1145/3580305.3599571,Socially Responsible Machine Learning: A Causal Perspective,,,"The evergrowing reliance of humans and society on machine learning methods has raised concerns about their trustworthiness and liability. As a response to these concerns, Socially Responsible Machine Learning (SRML) aims at developing fair, transparent, ...",
CIKM '24: Proceedings of the 33rd ACM International Conference on Information and Knowledge Management,ACM,,https://doi.org/10.1145/3627673.3679218,Introducing CausalBench: A Flexible Benchmark Framework for Causal Analysis and Machine Learning,,,"While witnessing the exceptional success of machine learning (ML) technologies in many applications, users are starting to notice a critical shortcoming of ML: correlation is a poor substitute for causation. The conventional way to discover causal ...",
IC3 '24: Proceedings of the 2024 Sixteenth International Conference on Contemporary Computing,ACM,,https://doi.org/10.1145/3675888.3676104,Customer Opinion Analysis and Topic Extraction Using Machine Learning,,,"In today’s competitive market landscape, understanding customer sentiments through online reviews is imperative for businesses. However, the unstructured nature of this data poses challenges for traditional supervised learning methods. This paper ...",
CIKM '24: Proceedings of the 33rd ACM International Conference on Information and Knowledge Management,ACM,,https://doi.org/10.1145/3627673.3679925,Facets of Disparate Impact: Evaluating Legally Consistent Bias in Machine Learning,,,"Leveraging current legal standards, we define bias through the lens of marginal benefits and objective testing with the novel metric ""Objective Fairness Index"". This index combines the contextual nuances of objective testing with metric stability, ...",
,ACM,,,ICMLT '24: Proceedings of the 2024 9th International Conference on Machine Learning Technologies,,,,
SVR '24: Proceedings of the 26th Symposium on Virtual and Augmented Reality,ACM,,https://doi.org/10.1145/3691573.3691582,Analysis of Cybersickness through Biosignals: an approach with Symbolic Machine Learning,,,"Cybersickness represents one of the main obstacles to the use of Virtual Reality, often triggered by the use of Head-mounted Display devices. The symptoms associated with cybersickness can vary among individuals and include nausea, dizziness, eye strain,...",
"The Journal of Machine Learning Research (JMLR), Volume 24, Issue 1",ACM,,,On tilted losses in machine learning: theory and applications,,,"Exponential tilting is a technique commonly used in fields such as statistics, probability, information theory, and optimization to create parametric distribution shifts. Despite its prevalence in related fields, tilting has not seen widespread use in ...",
ESEC/FSE 2023: Proceedings of the 31st ACM Joint European Software Engineering Conference and Symposium on the Foundations of Software Engineering,ACM,,https://doi.org/10.1145/3611643.3616352,Can Machine Learning Pipelines Be Better Configured?,,,"A Machine Learning (ML) pipeline configures the workflow of a learning task using the APIs provided by ML libraries. However, a pipeline’s performance can vary significantly across different configurations of ML library versions. Misconfigured pipelines ...",
KDD '23: Proceedings of the 29th ACM SIGKDD Conference on Knowledge Discovery and Data Mining,ACM,,https://doi.org/10.1145/3580305.3599574,"Trustworthy Machine Learning: Robustness, Generalization, and Interpretability",,,"Machine learning is becoming increasingly important in today's world. Beyond its powerful performances, there has been an emerging concern about the trustworthiness of machine learning, including but not limited to: robustness to malicious attacks, ...",
ASONAM '23: Proceedings of the 2023 IEEE/ACM International Conference on Advances in Social Networks Analysis and Mining,ACM,,https://doi.org/10.1145/3625007.3632288,pyStudio: An Open-Source Machine Learning Platform,,,"Data analytics has emerged as a critical capability for businesses and organizations in the modern era. The abundance of data necessitates a deep understanding and the exploitation of its potential to gain insights into current and future scenarios.
This ...",
KDD '23: Proceedings of the 29th ACM SIGKDD Conference on Knowledge Discovery and Data Mining,ACM,,https://doi.org/10.1145/3580305.3599574,"Trustworthy Machine Learning: Robustness, Generalization, and Interpretability",,,"Machine learning is becoming increasingly important in today's world. Beyond its powerful performances, there has been an emerging concern about the trustworthiness of machine learning, including but not limited to: robustness to malicious attacks, ...",
PETRA '24: Proceedings of the 17th International Conference on PErvasive Technologies Related to Assistive Environments,ACM,,https://doi.org/10.1145/3652037.3663949,Predicting Stress among Students via Psychometric Assessments and Machine Learning,,,"Yoga is recommended as a method for managing stress among students. Despite its widespread acceptance, however, there exists a gap in research concerning the prediction of changes in psychological stress among students practicing yoga. The main objective ...",
GECCO '24 Companion: Proceedings of the Genetic and Evolutionary Computation Conference Companion,ACM,,https://doi.org/10.1145/3638530.3648413,Evolutionary Computation meets Machine Learning for Combinatorial Optimisation,,,,
CIKM '24: Proceedings of the 33rd ACM International Conference on Information and Knowledge Management,ACM,,https://doi.org/10.1145/3627673.3679925,Facets of Disparate Impact: Evaluating Legally Consistent Bias in Machine Learning,,,"Leveraging current legal standards, we define bias through the lens of marginal benefits and objective testing with the novel metric ""Objective Fairness Index"". This index combines the contextual nuances of objective testing with metric stability, ...",
"ACM Transactions on Multimedia Computing, Communications, and Applications (TOMM), Volume 20, Issue 9",ACM,,https://doi.org/10.1145/3665929,IoT Video Delivery Optimization through Machine Learning-Based Frame Resolution Adjustment,,,"Providing acceptable video quality in the Internet of Things (IoT) implementation poses a significant challenge, mainly when the application is performed on low-cost and low-power devices. This research focuses on developing a frame resolution adjustment ...",
ICMML '23: Proceedings of the International Conference on Mathematics and Machine Learning,ACM,,https://doi.org/10.1145/3653724.3653776,Data feature analysis for blast furnace temperature prediction from machine learning perspective,,,"Modern blast furnace ironmaking technology mainly uses the thermal state of the furnace cylinder to reflect the furnace temperature conditions. However, due to the complexity of the blast furnace smelting process, it is very difficult to modelling and ...",
ICMLT '24: Proceedings of the 2024 9th International Conference on Machine Learning Technologies,ACM,,https://doi.org/10.1145/3674029.3674036,Comparative Study of Machine Learning Techniques for Inventory Classification Based on Multi-Criteria Decision-Making,,,"Various multicriteria inventory classification methods have been developed to overcome the limitations of conventional ABC analysis. Commonly used techniques include the analytic hierarchy process (AHP) and data envelopment analysis (DEA). However, these ...",
"Proceedings of the VLDB Endowment (PVLDB), Volume 17, Issue 5",ACM,,https://doi.org/10.14778/3641204.3641209,PilotScope: Steering Databases with Machine Learning Drivers,,,"Learned databases, or AI4DB techniques, have rapidly developed in the last decade. Deploying machine learning (ML) and AI4DB algorithms into actual databases is the gold standard to examine their performance in practice. However, due to the complexity of ...",
CIKM '24: Proceedings of the 33rd ACM International Conference on Information and Knowledge Management,ACM,,https://doi.org/10.1145/3627673.3680272,Towards Making Effective Machine Learning Decisions Against Out-of-Distribution Data,,,"Conventional machine learning systems operate on the assumption of independent and identical distribution (i.i.d), where both the training and test data share a similar sample space, and no distribution shift exists between them. However, this assumption ...",
DigiPro '24: Proceedings of the 2024 Digital Production Symposium,ACM,,https://doi.org/10.1145/3665320.3670994,Implementing a Machine Learning Deformer for CG Crowds: Our Journey,,,"CG crowds have become increasingly popular this last decade in the VFX and animation industry: formerly reserved to only a few high end studios and blockbusters, they are now widely used in TV shows or commercials. Yet, there is still one major ...",
ICSE-Companion '24: Proceedings of the 2024 IEEE/ACM 46th International Conference on Software Engineering: Companion Proceedings,ACM,,https://doi.org/10.1145/3639478.3639797,Enhancing Model-Driven Reverse Engineering Using Machine Learning,,,"Organizations often rely on large applications that are classified as legacy systems due to their dependence on outdated programming languages or platforms. To modernize these systems, it is necessary to understand their architecture, functionality, and ...",
ICMLT '24: Proceedings of the 2024 9th International Conference on Machine Learning Technologies,ACM,,https://doi.org/10.1145/3674029.3674054,Degree of Difference in Clinical Data and Imaging Based on Machine Learning and Complex Network,,,"Clinical patients should have corresponding clinical indicators to characterize the disease. Multimodal data and physiological indicators provide a basis for patient diagnosis and assessment, but small sample data pose statistical difficulties. In order ...",
ICFNDS '23: Proceedings of the 7th International Conference on Future Networks and Distributed Systems,ACM,,https://doi.org/10.1145/3644713.3644804,Machine Learning for Malware Detection in Network Traffic,,,Developing advanced and efficient malware detection systems is becoming significant in light of the growing threat landscape in cybersecurity. This work aims to tackle the enduring problem of identifying malware and protecting digital assets from cyber-...,
"Journal of Artificial Intelligence Research (JAIR), Volume 77",ACM,,https://doi.org/10.1613/jair.1.14340,Towards Green Automated Machine Learning: Status Quo and Future Directions,,,Automated machine learning (AutoML) strives for the automatic configuration of machine learning algorithms and their composition into an overall (software) solution — a machine learning pipeline — tailored to the learning task (dataset) at hand. Over the ...,
SIGIR '22: Proceedings of the 45th International ACM SIGIR Conference on Research and Development in Information Retrieval,ACM,,https://doi.org/10.1145/3477495.3531722,Retrieval-Enhanced Machine Learning,,,"Although information access systems have long supportedpeople in accomplishing a wide range of tasks, we propose broadening the scope of users of information access systems to include task-driven machines, such as machine learning models. In this way, ...",
VRST '22: Proceedings of the 28th ACM Symposium on Virtual Reality Software and Technology,ACM,,https://doi.org/10.1145/3562939.3565688,Visualizing Machine Learning in 3D,,,Understanding machine learning models can be difficult when the models at hand have many parts to them. Having a visual model can help aid in understanding how the model functions. A way to visualize these models is to use a 3D (three-dimensional) game ...,
"SC-W '23: Proceedings of the SC '23 Workshops of The International Conference on High Performance Computing, Network, Storage, and Analysis",ACM,,https://doi.org/10.1145/3624062.3626083,Machine Learning Applied to Single-Molecule Activity Prediction,,,"Catalytic processes are used in about 1/3 of US manufacturing, from the field of chemical engineering to renewable energy. Assessing the activity of single-molecules, or individual molecules, is necessary to the development of efficient catalysts. Their ...",
SIGSIM-PADS '24: Proceedings of the 38th ACM SIGSIM Conference on Principles of Advanced Discrete Simulation,ACM,,https://doi.org/10.1145/3615979.3656064,Detecting Emergent Behavior in Complex Systems: A Machine Learning Approach,,,"The live identification of emergent behavior in complex systems with little a-priori information is a challenging task and existing approaches are either applicable to a small subset of models or do not scale well. In contrast, post-mortem approaches ...",
"CCCAI '24: Proceedings of the 2024 2nd International Conference on Communications, Computing and Artificial Intelligence",ACM,,https://doi.org/10.1145/3676581.3676583,Smart Emergency Alerting System: A Machine Learning Approach,,,"Abstract: Recently, Saudi Arabia has hosted significant sports and technology events. Saudi Arabia has also successfully secured the bid to host Expo 2030 and declared its intention to host the FIFA World Cup in 2034. These crowds pertain to the elderly ...",
